,month
0,3
1,3
2,3
3,2
4,6
5,8
6,11
7,4
8,5
9,5
10,1
11,8
12,1
13,3
14,1
15,12
16,11
17,6
18,10
19,7
20,10
21,2
22,4
23,2
24,4
25,5
26,12
27,6
28,5
29,11
30,9
31,11
32,6
33,12
34,11
35,1
36,8
37,2
38,7
39,1
40,4
41,2
42,12
43,12
44,9
45,12
46,9
47,5
48,11
49,8
50,8
51,8
52,3
53,3
54,8
55,6
56,1
57,1
58,5
59,4
60,11
61,12
62,5
63,3
64,4
65,3
66,12
67,12
68,9
69,12
70,1
71,10
72,11
73,5
74,9
75,11
76,3
77,7
78,12
79,7
80,4
81,10
82,2
83,11
84,2
85,3
86,10
87,9
88,4
89,6
90,12
91,8
92,10
93,12
94,7
95,2
96,4
97,11
98,9
99,12
100,2
101,11
102,3
103,5
104,8
105,12
106,8
107,11
108,4
109,9
110,11
111,5
112,5
113,9
114,1
115,8
116,6
117,9
118,11
119,10
120,9
121,9
122,7
123,5
124,8
125,5
126,5
127,5
128,11
129,6
130,3
131,10
132,3
133,6
134,5
135,12
136,8
137,6
138,2
139,1
140,11
141,8
142,3
143,11
144,6
145,6
146,11
147,8
148,9
149,10
150,10
151,10
152,11
153,3
154,3
155,3
156,3
157,10
158,6
159,2
160,6
161,3
162,2
163,12
164,2
165,4
166,9
167,7
168,8
169,11
170,12
171,6
172,10
173,7
174,2
175,2
176,3
177,6
178,7
179,9
180,11
181,8
182,5
183,12
184,7
185,3
186,6
187,6
188,12
189,4
190,1
191,10
192,4
193,2
194,12
195,11
196,4
197,1
198,4
199,12
200,3
201,2
202,5
203,4
204,9
205,10
206,12
207,10
208,9
209,10
210,2
211,7
212,5
213,10
214,3
215,10
216,10
217,3
218,8
219,7
220,6
221,9
222,5
223,3
224,4
225,12
226,11
227,5
228,6
229,1
230,11
231,9
232,8
233,8
234,6
235,5
236,4
237,4
238,4
239,6
240,12
241,4
242,2
243,11
244,7
245,12
246,2
247,5
248,1
249,11
250,11
251,4
252,10
253,8
254,11
255,2
256,9
257,10
258,1
259,10
260,5
261,8
262,3
263,8
264,11
265,10
266,11
267,1
268,7
269,1
270,8
271,6
272,1
273,12
274,9
275,3
276,4
277,12
278,3
279,9
280,4
281,12
282,10
283,1
284,10
285,1
286,3
287,2
288,8
289,6
290,4
291,2
292,4
293,10
294,7
295,7
296,4
297,10
298,3
299,7
300,7
301,4
302,11
303,10
304,9
305,11
306,7
307,7
308,8
309,1
310,5
311,6
312,5
313,1
314,4
315,5
316,8
317,2
318,6
319,1
320,10
321,2
322,8
323,6
324,1
325,6
326,12
327,6
328,5
329,7
330,1
331,2
332,6
333,2
334,6
335,12
336,9
337,4
338,5
339,1
340,1
341,12
342,5
343,1
344,5
345,12
346,8
347,5
348,8
349,7
350,7
351,8
352,7
353,6
354,11
355,5
356,12
357,11
358,5
359,4
360,7
361,4
362,7
363,1
364,1
365,11
366,12
367,6
368,7
369,10
370,4
371,5
372,10
373,9
374,11
375,12
376,12
377,7
378,1
379,9
380,4
381,2
382,6
383,1
384,2
385,8
386,10
387,11
388,3
389,5
390,10
391,5
392,4
393,11
394,10
395,1
396,7
397,5
398,9
399,8
400,3
401,7
402,9
403,3
404,9
405,9
406,5
407,12
408,11
409,8
410,6
411,7
412,5
413,7
414,1
415,10
416,9
417,12
418,10
419,3
420,10
421,9
422,5
423,5
424,7
425,11
426,2
427,3
428,11
429,2
430,5
431,3
432,11
433,6
434,5
435,7
436,11
437,2
438,4
439,5
440,10
441,10
442,12
443,5
444,11
445,5
446,12
447,6
448,1
449,11
450,2
451,9
452,2
453,10
454,8
455,10
456,4
457,8
458,2
459,9
460,3
461,6
462,10
463,12
464,4
465,6
466,6
467,2
468,4
469,10
470,12
471,7
472,1
473,2
474,7
475,9
476,8
477,9
478,2
479,4
480,3
481,7
482,4
483,4
484,4
485,6
486,8
487,12
488,1
489,11
490,8
491,5
492,11
493,9
494,9
495,9
496,10
497,6
498,7
499,6
500,1
501,12
502,5
503,2
504,12
505,4
506,3
507,4
508,12
509,11
510,1
511,3
512,11
513,12
514,2
515,1
516,7
517,3
518,1
519,7
520,1
521,9
522,5
523,10
524,5
525,3
526,11
527,10
528,11
529,9
530,12
531,5
532,8
533,5
534,12
535,12
536,11
537,10
538,12
539,4
540,12
541,3
542,5
543,2
544,10
545,11
546,6
547,1
548,2
549,11
550,9
551,1
552,6
553,6
554,12
555,6
556,4
557,8
558,11
559,11
560,10
561,3
562,10
563,7
564,3
565,10
566,1
567,2
568,8
569,10
570,10
571,1
572,1
573,9
574,3
575,10
576,7
577,6
578,11
579,6
580,4
581,9
582,5
583,2
584,7
585,1
586,10
587,8
588,9
589,10
590,6
591,11
592,3
593,9
594,4
595,8
596,11
597,9
598,9
599,10
600,7
601,7
602,1
603,12
604,5
605,3
606,2
607,5
608,1
609,10
610,2
611,2
612,6
613,5
614,3
615,5
616,10
617,2
618,6
619,2
620,6
621,11
622,7
623,3
624,11
625,6
626,11
627,2
628,12
629,4
630,6
631,8
632,5
633,10
634,10
635,7
636,1
637,7
638,9
639,10
640,6
641,10
642,5
643,3
644,7
645,8
646,7
647,1
648,5
649,10
650,12
651,1
652,8
653,10
654,1
655,3
656,7
657,11
658,5
659,4
660,2
661,9
662,5
663,4
664,2
665,9
666,8
667,1
668,4
669,8
670,9
671,9
672,12
673,5
674,7
675,7
676,11
677,5
678,9
679,10
680,4
681,2
682,7
683,11
684,7
685,2
686,7
687,7
688,12
689,3
690,2
691,2
692,10
693,11
694,5
695,9
696,12
697,5
698,12
699,9
700,8
701,8
702,1
703,6
704,11
705,10
706,3
707,5
708,1
709,4
710,2
711,3
712,8
713,10
714,6
715,12
716,1
717,5
718,7
719,11
720,2
721,12
722,8
723,8
724,10
725,6
726,4
727,11
728,9
729,5
730,7
731,8
732,2
733,5
734,8
735,7
736,12
737,10
738,9
739,6
740,8
741,4
742,5
743,3
744,3
745,6
746,8
747,3
748,4
749,4
750,10
751,12
752,8
753,2
754,6
755,1
756,8
757,1
758,6
759,12
760,8
761,12
762,10
763,9
764,5
765,12
766,4
767,4
768,10
769,10
770,9
771,1
772,4
773,7
774,6
775,3
776,7
777,2
778,7
779,2
780,4
781,11
782,6
783,11
784,6
785,2
786,1
787,3
788,9
789,2
790,7
791,9
792,2
793,1
794,4
795,5
796,3
797,4
798,4
799,7
800,7
801,10
802,11
803,4
804,11
805,4
806,2
807,10
808,7
809,12
810,9
811,3
812,1
813,1
814,2
815,6
816,7
817,12
818,11
819,11
820,7
821,5
822,3
823,6
824,7
825,10
826,6
827,4
828,8
829,4
830,12
831,6
832,1
833,11
834,8
835,8
836,11
837,1
838,11
839,7
840,5
841,9
842,8
843,3
844,10
845,7
846,4
847,3
848,3
849,8
850,5
851,2
852,2
853,12
854,11
855,12
856,12
857,10
858,2
859,4
860,12
861,5
862,9
863,6
864,11
865,7
866,6
867,3
868,4
869,9
870,7
871,10
872,9
873,3
874,12
875,3
876,6
877,4
878,10
879,6
880,6
881,9
882,9
883,3
884,11
885,3
886,3
887,7
888,8
889,8
890,1
891,10
892,9
893,6
894,5
895,11
896,1
897,2
898,8
899,4
900,2
901,11
902,7
903,2
904,2
905,11
906,1
907,2
908,7
909,4
910,6
911,4
912,2
913,6
914,5
915,10
916,11
917,6
918,9
919,3
920,10
921,11
922,3
923,6
924,6
925,11
926,2
927,11
928,2
929,11
930,10
931,5
932,12
933,12
934,1
935,9
936,12
937,8
938,7
939,1
940,12
941,12
942,7
943,4
944,11
945,9
946,3
947,12
948,12
949,3
950,8
951,9
952,5
953,6
954,3
955,9
956,5
957,6
958,11
959,3
960,11
961,5
962,7
963,8
964,1
965,2
966,12
967,9
968,2
969,7
970,1
971,5
972,5
973,8
974,11
975,8
976,6
977,8
978,5
979,8
980,11
981,9
982,11
983,6
984,4
985,7
986,9
987,12
988,9
989,5
990,3
991,6
992,9
993,12
994,12
995,4
996,9
997,8
998,8
999,8
1000,7
1001,11
1002,11
1003,10
1004,12
1005,4
1006,7
1007,2
1008,3
1009,12
1010,1
1011,4
1012,4
1013,6
1014,2
1015,6
1016,6
1017,6
1018,11
1019,10
1020,11
1021,10
1022,6
1023,3
1024,12
1025,3
1026,9
1027,3
1028,1
1029,1
1030,4
1031,12
1032,7
1033,3
1034,3
1035,9
1036,9
1037,2
1038,6
1039,8
1040,11
1041,5
1042,9
1043,12
1044,9
1045,2
1046,10
1047,11
1048,2
1049,3
1050,12
1051,4
1052,7
1053,6
1054,3
1055,11
1056,11
1057,12
1058,8
1059,7
1060,11
1061,8
1062,8
1063,8
1064,1
1065,9
1066,7
1067,4
1068,5
1069,12
1070,6
1071,12
1072,1
1073,2
1074,12
1075,10
1076,10
1077,7
1078,10
1079,6
1080,8
1081,3
1082,9
1083,10
1084,9
1085,2
1086,8
1087,9
1088,12
1089,1
1090,5
1091,10
1092,8
1093,8
1094,1
1095,5
1096,10
1097,12
1098,3
1099,6
1100,7
1101,1
1102,9
1103,6
1104,9
1105,6
1106,7
1107,5
1108,6
1109,3
1110,4
1111,6
1112,5
1113,5
1114,12
1115,5
1116,11
1117,4
1118,12
1119,12
1120,11
1121,9
1122,2
1123,1
1124,3
1125,3
1126,7
1127,1
1128,3
1129,11
1130,10
1131,5
1132,9
1133,9
1134,12
1135,4
1136,10
1137,4
1138,8
1139,6
1140,11
1141,3
1142,10
1143,2
1144,2
1145,3
1146,9
1147,3
1148,12
1149,7
1150,4
1151,1
1152,8
1153,4
1154,12
1155,9
1156,9
1157,1
1158,2
1159,7
1160,10
1161,2
1162,8
1163,9
1164,11
1165,12
1166,6
1167,4
1168,8
1169,10
1170,6
1171,6
1172,4
1173,10
1174,6
1175,9
1176,9
1177,6
1178,12
1179,3
1180,7
1181,2
1182,4
1183,1
1184,10
1185,3
1186,6
1187,4
1188,2
1189,5
1190,11
1191,3
1192,5
1193,8
1194,5
1195,2
1196,6
1197,2
1198,7
1199,5
1200,7
1201,12
1202,11
1203,10
1204,12
1205,5
1206,6
1207,12
1208,4
1209,9
1210,4
1211,9
1212,5
1213,8
1214,11
1215,11
1216,5
1217,6
1218,4
1219,10
1220,11
1221,2
1222,11
1223,1
1224,9
1225,6
1226,10
1227,3
1228,12
1229,9
1230,8
1231,3
1232,2
1233,6
1234,2
1235,10
1236,10
1237,11
1238,2
1239,1
1240,5
1241,6
1242,2
1243,4
1244,2
1245,2
1246,2
1247,10
1248,3
1249,7
1250,11
1251,3
1252,1
1253,3
1254,11
1255,8
1256,6
1257,10
1258,4
1259,7
1260,5
1261,10
1262,6
1263,6
1264,6
1265,10
1266,1
1267,8
1268,9
1269,6
1270,11
1271,11
1272,2
1273,5
1274,3
1275,7
1276,2
1277,10
1278,3
1279,11
1280,7
1281,6
1282,11
1283,6
1284,8
1285,7
1286,4
1287,1
1288,7
1289,11
1290,2
1291,12
1292,12
1293,12
1294,11
1295,6
1296,12
1297,1
1298,11
1299,3
1300,2
1301,9
1302,6
1303,12
1304,7
1305,12
1306,4
1307,9
1308,8
1309,12
1310,11
1311,5
1312,2
1313,3
1314,6
1315,3
1316,1
1317,10
1318,11
1319,5
1320,12
1321,7
1322,1
1323,5
1324,7
1325,3
1326,9
1327,8
1328,12
1329,7
1330,11
1331,10
1332,9
1333,4
1334,11
1335,6
1336,2
1337,9
1338,11
1339,10
1340,5
1341,5
1342,10
1343,9
1344,5
1345,7
1346,11
1347,12
1348,5
1349,7
1350,8
1351,10
1352,5
1353,12
1354,7
1355,12
1356,8
1357,8
1358,10
1359,2
1360,4
1361,12
1362,9
1363,6
1364,2
1365,3
1366,3
1367,9
1368,8
1369,1
1370,10
1371,6
1372,7
1373,9
1374,5
1375,8
1376,9
1377,12
1378,11
1379,12
1380,6
1381,10
1382,11
1383,2
1384,4
1385,7
1386,11
1387,5
1388,6
1389,3
1390,7
1391,10
1392,4
1393,11
1394,10
1395,12
1396,4
1397,10
1398,4
1399,5
1400,11
1401,9
1402,6
1403,1
1404,12
1405,10
1406,4
1407,11
1408,12
1409,8
1410,1
1411,1
1412,9
1413,7
1414,1
1415,6
1416,12
1417,2
1418,3
1419,7
1420,12
1421,6
1422,6
1423,1
1424,2
1425,7
1426,10
1427,3
1428,8
1429,11
1430,12
1431,8
1432,6
1433,11
1434,1
1435,2
1436,3
1437,1
1438,3
1439,7
1440,9
1441,4
1442,2
1443,10
1444,8
1445,11
1446,9
1447,12
1448,5
1449,7
1450,2
1451,2
1452,5
1453,1
1454,5
1455,12
1456,8
1457,10
1458,3
1459,11
1460,2
1461,9
1462,5
1463,1
1464,12
1465,5
1466,11
1467,6
1468,9
1469,9
1470,12
1471,12
1472,12
1473,11
1474,4
1475,3
1476,10
1477,9
1478,2
1479,7
1480,6
1481,8
1482,2
1483,1
1484,6
1485,7
1486,12
1487,4
1488,9
1489,9
1490,11
1491,10
1492,5
1493,12
1494,3
1495,9
1496,4
1497,3
1498,11
1499,4
1500,1
1501,3
1502,2
1503,3
1504,3
1505,2
1506,5
1507,3
1508,2
1509,5
1510,10
1511,8
1512,12
1513,3
1514,9
1515,6
1516,4
1517,11
1518,4
1519,11
1520,9
1521,8
1522,3
1523,4
1524,7
1525,1
1526,7
1527,9
1528,12
1529,12
1530,7
1531,2
1532,2
1533,8
1534,9
1535,7
1536,10
1537,12
1538,8
1539,6
1540,5
1541,5
1542,5
1543,8
1544,1
1545,6
1546,2
1547,1
1548,12
1549,8
1550,3
1551,3
1552,10
1553,1
1554,2
1555,3
1556,10
1557,11
1558,3
1559,8
1560,11
1561,1
1562,6
1563,8
1564,4
1565,6
1566,4
1567,6
1568,8
1569,11
1570,4
1571,10
1572,11
1573,9
1574,10
1575,12
1576,9
1577,10
1578,6
1579,9
1580,7
1581,7
1582,2
1583,10
1584,11
1585,8
1586,3
1587,5
1588,6
1589,1
1590,7
1591,12
1592,2
1593,1
1594,1
1595,6
1596,12
1597,2
1598,7
1599,3
1600,8
1601,4
1602,6
1603,8
1604,7
1605,1
1606,10
1607,11
1608,4
1609,9
1610,5
1611,5
1612,4
1613,3
1614,2
1615,5
1616,8
1617,11
1618,12
1619,12
1620,4
1621,11
1622,9
1623,8
1624,2
1625,1
1626,6
1627,3
1628,8
1629,6
1630,6
1631,5
1632,1
1633,8
1634,10
1635,9
1636,5
1637,12
1638,7
1639,8
1640,2
1641,7
1642,12
1643,10
1644,12
1645,10
1646,3
1647,11
1648,12
1649,5
1650,9
1651,12
1652,11
1653,7
1654,4
1655,9
1656,3
1657,7
1658,9
1659,5
1660,4
1661,12
1662,3
1663,12
1664,12
1665,7
1666,10
1667,8
1668,6
1669,12
1670,8
1671,11
1672,9
1673,1
1674,12
1675,2
1676,11
1677,10
1678,5
1679,1
1680,8
1681,4
1682,10
1683,9
1684,6
1685,9
1686,6
1687,5
1688,10
1689,9
1690,7
1691,9
1692,3
1693,7
1694,10
1695,11
1696,9
1697,1
1698,1
1699,10
1700,7
1701,12
1702,5
1703,12
1704,7
1705,6
1706,3
1707,12
1708,5
1709,10
1710,8
1711,7
1712,12
1713,10
1714,1
1715,11
1716,12
1717,11
1718,4
1719,8
1720,3
1721,7
1722,10
1723,3
1724,7
1725,4
1726,10
1727,6
1728,8
1729,11
1730,11
1731,9
1732,8
1733,6
1734,7
1735,10
1736,11
1737,3
1738,10
1739,11
1740,4
1741,12
1742,12
1743,6
1744,5
1745,6
1746,4
1747,5
1748,6
1749,8
1750,10
1751,2
1752,9
1753,12
1754,6
1755,9
1756,5
1757,10
1758,3
1759,2
1760,7
1761,8
1762,2
1763,3
1764,4
1765,8
1766,6
1767,1
1768,7
1769,9
1770,6
1771,1
1772,2
1773,8
1774,3
1775,4
1776,6
1777,11
1778,1
1779,9
1780,4
1781,8
1782,7
1783,2
1784,7
1785,8
1786,10
1787,6
1788,2
1789,12
1790,10
1791,6
1792,7
1793,6
1794,1
1795,1
1796,8
1797,9
1798,1
1799,10
1800,12
1801,7
1802,7
1803,5
1804,1
1805,12
1806,10
1807,3
1808,7
1809,7
1810,11
1811,11
1812,7
1813,1
1814,2
1815,6
1816,2
1817,5
1818,4
1819,2
1820,12
1821,3
1822,1
1823,2
1824,1
1825,12
1826,9
1827,10
1828,1
1829,12
1830,3
1831,4
1832,11
1833,4
1834,7
1835,3
1836,9
1837,3
1838,5
1839,2
1840,3
1841,9
1842,6
1843,3
1844,11
1845,12
1846,1
1847,7
1848,11
1849,7
1850,9
1851,2
1852,11
1853,11
1854,3
1855,11
1856,4
1857,6
1858,5
1859,3
1860,11
1861,12
1862,2
1863,4
1864,12
1865,12
1866,9
1867,5
1868,10
1869,10
1870,8
1871,6
1872,5
1873,11
1874,12
1875,6
1876,3
1877,5
1878,11
1879,10
1880,12
1881,10
1882,2
1883,3
1884,7
1885,5
1886,6
1887,11
1888,6
1889,9
1890,2
1891,10
1892,8
1893,1
1894,8
1895,2
1896,7
1897,8
1898,2
1899,5
1900,5
1901,8
1902,11
1903,9
1904,8
1905,10
1906,4
1907,7
1908,2
1909,9
1910,4
1911,3
1912,5
1913,3
1914,1
1915,5
1916,3
1917,12
1918,5
1919,8
1920,6
1921,10
1922,8
1923,1
1924,11
1925,1
1926,5
1927,8
1928,4
1929,8
1930,2
1931,4
1932,6
1933,8
1934,6
1935,4
1936,7
1937,5
1938,10
1939,8
1940,7
1941,9
1942,1
1943,7
1944,12
1945,5
1946,9
1947,2
1948,4
1949,12
1950,11
1951,1
1952,6
1953,4
1954,9
1955,7
1956,7
1957,12
1958,8
1959,7
1960,7
1961,10
1962,5
1963,8
1964,9
1965,6
1966,6
1967,5
1968,9
1969,5
1970,12
1971,5
1972,7
1973,8
1974,9
1975,2
1976,3
1977,3
1978,3
1979,6
1980,8
1981,7
1982,6
1983,8
1984,10
1985,6
1986,11
1987,4
1988,1
1989,9
1990,7
1991,12
1992,3
1993,8
1994,8
1995,11
1996,12
1997,11
1998,3
1999,6
2000,1
2001,6
2002,8
2003,7
2004,10
2005,9
2006,4
2007,7
2008,7
2009,5
2010,11
2011,5
2012,12
2013,7
2014,4
2015,6
2016,3
2017,10
2018,4
2019,7
2020,2
2021,10
2022,6
2023,4
2024,6
2025,11
2026,1
2027,8
2028,6
2029,1
2030,10
2031,3
2032,9
2033,3
2034,3
2035,10
2036,2
2037,6
2038,12
2039,10
2040,7
2041,1
2042,10
2043,4
2044,12
2045,1
2046,11
2047,4
2048,9
2049,11
2050,7
2051,8
2052,8
2053,9
2054,6
2055,10
2056,4
2057,10
2058,2
2059,4
2060,5
2061,8
2062,10
2063,3
2064,5
2065,5
2066,5
2067,3
2068,3
2069,6
2070,2
2071,6
2072,9
2073,2
2074,9
2075,2
2076,6
2077,6
2078,11
2079,5
2080,10
2081,6
2082,12
2083,7
2084,2
2085,11
2086,8
2087,10
2088,5
2089,1
2090,10
2091,2
2092,4
2093,9
2094,10
2095,4
2096,7
2097,9
2098,1
2099,8
2100,6
2101,1
2102,11
2103,3
2104,5
2105,10
2106,1
2107,9
2108,8
2109,6
2110,4
2111,10
2112,8
2113,9
2114,6
2115,4
2116,11
2117,1
2118,6
2119,3
2120,1
2121,10
2122,1
2123,11
2124,1
2125,7
2126,11
2127,12
2128,12
2129,11
2130,2
2131,5
2132,4
2133,1
2134,12
2135,1
2136,9
2137,1
2138,2
2139,2
2140,4
2141,7
2142,2
2143,7
2144,12
2145,5
2146,11
2147,2
2148,4
2149,3
2150,2
2151,2
2152,5
2153,5
2154,11
2155,8
2156,6
2157,9
2158,1
2159,9
2160,1
2161,10
2162,3
2163,9
2164,2
2165,5
2166,12
2167,8
2168,10
2169,9
2170,9
2171,11
2172,9
2173,4
2174,9
2175,11
2176,8
2177,4
2178,11
2179,12
2180,1
2181,8
2182,6
2183,2
2184,7
2185,2
2186,3
2187,9
2188,9
2189,8
2190,6
2191,6
2192,9
2193,2
2194,8
2195,7
2196,7
2197,12
2198,7
2199,12
2200,6
2201,2
2202,9
2203,12
2204,7
2205,12
2206,11
2207,4
2208,3
2209,2
2210,10
2211,6
2212,2
2213,11
2214,11
2215,6
2216,9
2217,11
2218,2
2219,5
2220,2
2221,10
2222,5
2223,4
2224,8
2225,11
2226,11
2227,6
2228,3
2229,7
2230,8
2231,5
2232,11
2233,9
2234,8
2235,12
2236,11
2237,10
2238,3
2239,1
2240,5
2241,2
2242,6
2243,5
2244,7
2245,4
2246,8
2247,7
2248,9
2249,11
2250,5
2251,5
2252,4
2253,9
2254,6
2255,2
2256,3
2257,2
2258,12
2259,4
2260,6
2261,9
2262,8
2263,1
2264,5
2265,5
2266,12
2267,10
2268,5
2269,7
2270,3
2271,8
2272,8
2273,11
2274,11
2275,12
2276,7
2277,3
2278,10
2279,7
2280,3
2281,4
2282,6
2283,9
2284,10
2285,1
2286,11
2287,7
2288,6
2289,2
2290,11
2291,6
2292,9
2293,12
2294,2
2295,1
2296,2
2297,10
2298,10
2299,9
2300,10
2301,11
2302,6
2303,8
2304,5
2305,2
2306,7
2307,10
2308,3
2309,11
2310,8
2311,7
2312,3
2313,10
2314,7
2315,7
2316,10
2317,4
2318,1
2319,1
2320,2
2321,8
2322,1
2323,8
2324,4
2325,5
2326,7
2327,7
2328,7
2329,3
2330,2
2331,4
2332,10
2333,4
2334,11
2335,6
2336,6
2337,10
2338,6
2339,1
2340,4
2341,6
2342,4
2343,7
2344,2
2345,10
2346,2
2347,11
2348,1
2349,12
2350,7
2351,6
2352,3
2353,8
2354,9
2355,12
2356,7
2357,10
2358,10
2359,6
2360,5
2361,2
2362,1
2363,1
2364,10
2365,5
2366,1
2367,4
2368,6
2369,3
2370,5
2371,7
2372,11
2373,9
2374,3
2375,10
2376,7
2377,1
2378,6
2379,3
2380,6
2381,4
2382,10
2383,3
2384,10
2385,2
2386,9
2387,7
2388,8
2389,11
2390,10
2391,4
2392,4
2393,10
2394,10
2395,6
2396,9
2397,11
2398,5
2399,6
2400,6
2401,9
2402,12
2403,4
2404,7
2405,9
2406,10
2407,1
2408,3
2409,3
2410,1
2411,7
2412,12
2413,3
2414,6
2415,5
2416,11
2417,12
2418,6
2419,4
2420,6
2421,5
2422,4
2423,4
2424,5
2425,5
2426,12
2427,1
2428,10
2429,4
2430,2
2431,2
2432,7
2433,6
2434,6
2435,6
2436,7
2437,9
2438,11
2439,12
2440,1
2441,4
2442,12
2443,6
2444,12
2445,2
2446,3
2447,4
2448,11
2449,2
2450,8
2451,6
2452,6
2453,7
2454,8
2455,4
2456,3
2457,1
2458,8
2459,2
2460,12
2461,4
2462,9
2463,3
2464,8
2465,7
2466,9
2467,1
2468,7
2469,3
2470,11
2471,11
2472,10
2473,10
2474,11
2475,2
2476,6
2477,10
2478,9
2479,1
2480,3
2481,5
2482,7
2483,5
2484,12
2485,12
2486,3
2487,1
2488,9
2489,9
2490,3
2491,9
2492,12
2493,6
2494,12
2495,7
2496,8
2497,2
2498,10
2499,1
2500,11
2501,12
2502,12
2503,3
2504,5
2505,5
2506,4
2507,1
2508,10
2509,7
2510,5
2511,7
2512,8
2513,1
2514,1
2515,10
2516,11
2517,10
2518,3
2519,7
2520,8
2521,11
2522,6
2523,12
2524,3
2525,9
2526,1
2527,10
2528,1
2529,12
2530,12
2531,8
2532,5
2533,6
2534,10
2535,10
2536,6
2537,12
2538,12
2539,3
2540,10
2541,12
2542,12
2543,2
2544,12
2545,5
2546,4
2547,7
2548,6
2549,6
2550,4
2551,8
2552,7
2553,4
2554,10
2555,6
2556,11
2557,3
2558,5
2559,10
2560,10
2561,8
2562,9
2563,6
2564,10
2565,11
2566,8
2567,10
2568,11
2569,6
2570,2
2571,10
2572,9
2573,6
2574,1
2575,7
2576,11
2577,2
2578,2
2579,1
2580,2
2581,1
2582,3
2583,6
2584,6
2585,3
2586,1
2587,7
2588,9
2589,2
2590,5
2591,2
2592,1
2593,7
2594,12
2595,12
2596,6
2597,6
2598,3
2599,11
2600,9
2601,2
2602,1
2603,12
2604,8
2605,1
2606,2
2607,1
2608,2
2609,11
2610,6
2611,11
2612,2
2613,1
2614,3
2615,6
2616,11
2617,3
2618,1
2619,9
2620,11
2621,11
2622,8
2623,10
2624,3
2625,12
2626,9
2627,1
2628,7
2629,11
2630,1
2631,7
2632,11
2633,7
2634,8
2635,1
2636,5
2637,4
2638,9
2639,1
2640,2
2641,2
2642,10
2643,7
2644,9
2645,2
2646,4
2647,5
2648,7
2649,11
2650,12
2651,9
2652,7
2653,5
2654,5
2655,6
2656,4
2657,7
2658,3
2659,6
2660,12
2661,9
2662,10
2663,11
2664,8
2665,1
2666,1
2667,5
2668,9
2669,9
2670,5
2671,9
2672,5
2673,3
2674,11
2675,8
2676,12
2677,12
2678,8
2679,9
2680,1
2681,7
2682,6
2683,8
2684,7
2685,6
2686,5
2687,9
2688,2
2689,6
2690,7
2691,7
2692,12
2693,7
2694,5
2695,5
2696,10
2697,10
2698,3
2699,1
2700,2
2701,5
2702,3
2703,6
2704,5
2705,10
2706,4
2707,3
2708,9
2709,6
2710,1
2711,8
2712,4
2713,3
2714,5
2715,12
2716,12
2717,2
2718,6
2719,5
2720,3
2721,6
2722,6
2723,6
2724,11
2725,3
2726,7
2727,8
2728,4
2729,8
2730,7
2731,11
2732,4
2733,3
2734,2
2735,1
2736,6
2737,9
2738,12
2739,9
2740,8
2741,12
2742,12
2743,4
2744,4
2745,2
2746,2
2747,8
2748,8
2749,6
2750,12
2751,4
2752,2
2753,9
2754,11
2755,7
2756,6
2757,9
2758,1
2759,5
2760,10
2761,5
2762,3
2763,8
2764,4
2765,1
2766,2
2767,2
2768,9
2769,12
2770,10
2771,3
2772,4
2773,7
2774,8
2775,4
2776,12
2777,9
2778,5
2779,12
2780,11
2781,12
2782,7
2783,6
2784,4
2785,3
2786,6
2787,7
2788,4
2789,8
2790,4
2791,11
2792,9
2793,7
2794,3
2795,3
2796,9
2797,6
2798,9
2799,11
2800,5
2801,5
2802,10
2803,10
2804,8
2805,11
2806,12
2807,3
2808,1
2809,6
2810,2
2811,4
2812,3
2813,8
2814,4
2815,3
2816,10
2817,11
2818,2
2819,2
2820,4
2821,3
2822,8
2823,6
2824,1
2825,5
2826,3
2827,12
2828,1
2829,3
2830,2
2831,6
2832,12
2833,9
2834,8
2835,1
2836,7
2837,9
2838,6
2839,12
2840,10
2841,7
2842,11
2843,8
2844,10
2845,11
2846,11
2847,11
2848,2
2849,4
2850,7
2851,2
2852,1
2853,1
2854,8
2855,12
2856,5
2857,8
2858,12
2859,2
2860,10
2861,7
2862,9
2863,2
2864,6
2865,2
2866,4
2867,7
2868,11
2869,3
2870,4
2871,10
2872,4
2873,6
2874,2
2875,1
2876,11
2877,6
2878,7
2879,4
2880,9
2881,4
2882,7
2883,10
2884,12
2885,6
2886,1
2887,1
2888,5
2889,1
2890,10
2891,2
2892,11
2893,1
2894,11
2895,4
2896,8
2897,1
2898,5
2899,1
2900,2
2901,3
2902,10
2903,7
2904,2
2905,7
2906,12
2907,1
2908,1
2909,4
2910,5
2911,12
2912,9
2913,2
2914,8
2915,4
2916,11
2917,10
2918,5
2919,7
2920,6
2921,8
2922,9
2923,11
2924,11
2925,5
2926,6
2927,5
2928,7
2929,7
2930,12
2931,12
2932,10
2933,1
2934,1
2935,12
2936,1
2937,1
2938,3
2939,12
2940,6
2941,3
2942,12
2943,5
2944,3
2945,7
2946,4
2947,7
2948,9
2949,12
2950,12
2951,4
2952,6
2953,5
2954,10
2955,7
2956,12
2957,1
2958,11
2959,5
2960,10
2961,10
2962,9
2963,2
2964,8
2965,12
2966,2
2967,8
2968,7
2969,9
2970,3
2971,7
2972,5
2973,11
2974,6
2975,11
2976,9
2977,10
2978,8
2979,2
2980,11
2981,5
2982,5
2983,3
2984,7
2985,9
2986,3
2987,2
2988,9
2989,4
2990,2
2991,3
2992,12
2993,3
2994,2
2995,10
2996,5
2997,2
2998,12
2999,9
3000,11
3001,9
3002,4
3003,9
3004,8
3005,11
3006,7
3007,9
3008,7
3009,4
3010,9
3011,1
3012,12
3013,5
3014,7
3015,3
3016,3
3017,7
3018,11
3019,3
3020,8
3021,2
3022,11
3023,6
3024,11
3025,3
3026,11
3027,6
3028,2
3029,3
3030,7
3031,2
3032,4
3033,8
3034,2
3035,8
3036,10
3037,10
3038,11
3039,3
3040,6
3041,11
3042,11
3043,7
3044,8
3045,12
3046,5
3047,12
3048,4
3049,12
3050,2
3051,3
3052,7
3053,10
3054,3
3055,2
3056,5
3057,10
3058,8
3059,11
3060,6
3061,8
3062,11
3063,6
3064,6
3065,6
3066,2
3067,9
3068,5
3069,8
3070,6
3071,9
3072,3
3073,11
3074,4
3075,10
3076,9
3077,9
3078,8
3079,12
3080,8
3081,5
3082,8
3083,12
3084,5
3085,10
3086,1
3087,11
3088,2
3089,2
3090,4
3091,8
3092,4
3093,4
3094,6
3095,2
3096,7
3097,3
3098,7
3099,1
3100,9
3101,11
3102,8
3103,10
3104,10
3105,11
3106,12
3107,9
3108,5
3109,8
3110,5
3111,6
3112,9
3113,9
3114,5
3115,5
3116,10
3117,1
3118,3
3119,7
3120,1
3121,1
3122,12
3123,11
3124,5
3125,4
3126,5
3127,11
3128,1
3129,3
3130,8
3131,1
3132,9
3133,12
3134,2
3135,11
3136,4
3137,7
3138,4
3139,4
3140,7
3141,9
3142,8
3143,7
3144,11
3145,12
3146,1
3147,3
3148,11
3149,3
3150,11
3151,5
3152,3
3153,6
3154,9
3155,12
3156,6
3157,2
3158,4
3159,9
3160,1
3161,10
3162,7
3163,11
3164,4
3165,3
3166,10
3167,2
3168,8
3169,3
3170,2
3171,8
3172,6
3173,12
3174,3
3175,8
3176,1
3177,7
3178,12
3179,11
3180,11
3181,4
3182,10
3183,2
3184,2
3185,3
3186,10
3187,6
3188,12
3189,2
3190,6
3191,5
3192,3
3193,7
3194,4
3195,12
3196,4
3197,1
3198,12
3199,2
3200,12
3201,2
3202,2
3203,10
3204,9
3205,3
3206,8
3207,10
3208,10
3209,6
3210,2
3211,6
3212,8
3213,11
3214,2
3215,12
3216,5
3217,10
3218,1
3219,5
3220,2
3221,8
3222,11
3223,10
3224,8
3225,6
3226,5
3227,4
3228,4
3229,12
3230,10
3231,1
3232,3
3233,5
3234,10
3235,6
3236,3
3237,12
3238,11
3239,10
3240,5
3241,2
3242,10
3243,5
3244,8
3245,4
3246,2
3247,4
3248,9
3249,4
3250,10
3251,11
3252,12
3253,10
3254,4
3255,7
3256,8
3257,11
3258,6
3259,4
3260,5
3261,1
3262,7
3263,12
3264,11
3265,9
3266,2
3267,5
3268,12
3269,2
3270,11
3271,7
3272,11
3273,10
3274,8
3275,12
3276,8
3277,9
3278,7
3279,6
3280,5
3281,6
3282,5
3283,2
3284,8
3285,10
3286,2
3287,10
3288,3
3289,9
3290,6
3291,12
3292,11
3293,3
3294,4
3295,2
3296,9
3297,5
3298,2
3299,9
3300,7
3301,3
3302,5
3303,6
3304,6
3305,2
3306,7
3307,8
3308,9
3309,1
3310,2
3311,5
3312,6
3313,11
3314,1
3315,11
3316,9
3317,11
3318,6
3319,6
3320,10
3321,12
3322,12
3323,2
3324,3
3325,7
3326,8
3327,2
3328,7
3329,10
3330,4
3331,3
3332,12
3333,3
3334,5
3335,11
3336,2
3337,11
3338,11
3339,7
3340,10
3341,12
3342,7
3343,6
3344,4
3345,9
3346,8
3347,1
3348,2
3349,11
3350,11
3351,12
3352,5
3353,5
3354,2
3355,7
3356,3
3357,7
3358,10
3359,4
3360,2
3361,1
3362,6
3363,3
3364,7
3365,6
3366,10
3367,12
3368,11
3369,7
3370,6
3371,3
3372,11
3373,3
3374,8
3375,3
3376,8
3377,12
3378,9
3379,4
3380,12
3381,3
3382,11
3383,11
3384,2
3385,7
3386,7
3387,6
3388,5
3389,10
3390,5
3391,12
3392,10
3393,7
3394,11
3395,11
3396,6
3397,6
3398,8
3399,8
3400,3
3401,3
3402,11
3403,12
3404,7
3405,7
3406,3
3407,1
3408,5
3409,4
3410,10
3411,6
3412,4
3413,8
3414,7
3415,6
3416,1
3417,8
3418,9
3419,3
3420,2
3421,10
3422,3
3423,4
3424,8
3425,10
3426,12
3427,4
3428,4
3429,4
3430,6
3431,10
3432,10
3433,2
3434,5
3435,10
3436,1
3437,1
3438,8
3439,10
3440,10
3441,10
3442,12
3443,5
3444,4
3445,7
3446,9
3447,5
3448,11
3449,7
3450,10
3451,12
3452,10
3453,4
3454,1
3455,1
3456,7
3457,1
3458,2
3459,2
3460,3
3461,4
3462,4
3463,1
3464,11
3465,10
3466,4
3467,3
3468,7
3469,11
3470,8
3471,11
3472,10
3473,5
3474,9
3475,7
3476,9
3477,10
3478,3
3479,10
3480,5
3481,2
3482,12
3483,1
3484,11
3485,10
3486,8
3487,6
3488,12
3489,6
3490,3
3491,7
3492,1
3493,3
3494,5
3495,7
3496,10
3497,2
3498,8
3499,7
3500,4
3501,9
3502,10
3503,10
3504,11
3505,1
3506,4
3507,11
3508,8
3509,10
3510,4
3511,12
3512,3
3513,3
3514,7
3515,7
3516,2
3517,9
3518,10
3519,2
3520,1
3521,9
3522,6
3523,6
3524,11
3525,11
3526,11
3527,11
3528,10
3529,4
3530,8
3531,8
3532,6
3533,1
3534,9
3535,1
3536,5
3537,2
3538,4
3539,6
3540,3
3541,5
3542,5
3543,6
3544,3
3545,2
3546,7
3547,6
3548,4
3549,4
3550,7
3551,9
3552,3
3553,12
3554,12
3555,10
3556,7
3557,10
3558,6
3559,11
3560,2
3561,5
3562,3
3563,1
3564,2
3565,1
3566,9
3567,10
3568,8
3569,10
3570,1
3571,8
3572,5
3573,1
3574,8
3575,3
3576,4
3577,6
3578,1
3579,11
3580,11
3581,7
3582,12
3583,8
3584,8
3585,3
3586,11
3587,12
3588,12
3589,12
3590,5
3591,6
3592,1
3593,6
3594,10
3595,4
3596,6
3597,2
3598,2
3599,4
3600,9
3601,12
3602,7
3603,12
3604,5
3605,8
3606,7
3607,10
3608,9
3609,1
3610,3
3611,9
3612,3
3613,3
3614,11
3615,5
3616,9
3617,3
3618,10
3619,12
3620,11
3621,8
3622,7
3623,1
3624,4
3625,12
3626,9
3627,6
3628,9
3629,6
3630,6
3631,1
3632,5
3633,3
3634,12
3635,3
3636,11
3637,8
3638,12
3639,3
3640,3
3641,6
3642,7
3643,10
3644,12
3645,9
3646,11
3647,7
3648,6
3649,5
3650,6
3651,9
3652,4
3653,4
3654,2
3655,8
3656,11
3657,12
3658,8
3659,1
3660,4
3661,10
3662,7
3663,9
3664,12
3665,1
3666,10
3667,11
3668,8
3669,8
3670,10
3671,5
3672,9
3673,2
3674,8
3675,4
3676,6
3677,2
3678,1
3679,8
3680,11
3681,12
3682,12
3683,2
3684,10
3685,11
3686,8
3687,4
3688,5
3689,5
3690,10
3691,3
3692,9
3693,7
3694,1
3695,12
3696,12
3697,9
3698,8
3699,7
3700,10
3701,11
3702,10
3703,11
3704,12
3705,5
3706,10
3707,9
3708,7
3709,1
3710,5
3711,3
3712,12
3713,3
3714,10
3715,8
3716,8
3717,6
3718,4
3719,6
3720,4
3721,7
3722,7
3723,7
3724,5
3725,6
3726,3
3727,4
3728,9
3729,9
3730,6
3731,10
3732,12
3733,12
3734,3
3735,6
3736,8
3737,4
3738,7
3739,10
3740,10
3741,1
3742,2
3743,10
3744,3
3745,5
3746,8
3747,1
3748,11
3749,2
3750,6
3751,1
3752,7
3753,2
3754,1
3755,12
3756,10
3757,2
3758,6
3759,1
3760,2
3761,10
3762,5
3763,3
3764,2
3765,2
3766,4
3767,6
3768,6
3769,3
3770,7
3771,1
3772,6
3773,7
3774,7
3775,6
3776,7
3777,12
3778,12
3779,1
3780,10
3781,11
3782,8
3783,4
3784,8
3785,11
3786,3
3787,6
3788,11
3789,2
3790,4
3791,11
3792,11
3793,11
3794,1
3795,3
3796,6
3797,12
3798,9
3799,3
3800,12
3801,7
3802,11
3803,10
3804,10
3805,2
3806,10
3807,12
3808,9
3809,7
3810,6
3811,10
3812,4
3813,5
3814,4
3815,12
3816,1
3817,2
3818,6
3819,1
3820,1
3821,7
3822,3
3823,7
3824,4
3825,1
3826,9
3827,1
3828,4
3829,3
3830,9
3831,2
3832,3
3833,5
3834,10
3835,11
3836,2
3837,10
3838,5
3839,7
3840,3
3841,12
3842,9
3843,1
3844,11
3845,4
3846,11
3847,9
3848,3
3849,8
3850,5
3851,5
3852,11
3853,6
3854,3
3855,3
3856,8
3857,6
3858,2
3859,7
3860,7
3861,5
3862,5
3863,8
3864,7
3865,10
3866,1
3867,5
3868,11
3869,5
3870,3
3871,8
3872,4
3873,6
3874,8
3875,5
3876,9
3877,6
3878,6
3879,4
3880,8
3881,12
3882,6
3883,2
3884,3
3885,11
3886,1
3887,4
3888,6
3889,11
3890,10
3891,1
3892,8
3893,9
3894,10
3895,12
3896,6
3897,2
3898,6
3899,5
3900,11
3901,8
3902,3
3903,3
3904,10
3905,3
3906,7
3907,8
3908,10
3909,2
3910,10
3911,9
3912,8
3913,2
3914,11
3915,7
3916,11
3917,10
3918,11
3919,8
3920,5
3921,11
3922,8
3923,9
3924,7
3925,6
3926,5
3927,3
3928,3
3929,8
3930,9
3931,2
3932,10
3933,11
3934,2
3935,5
3936,6
3937,1
3938,6
3939,4
3940,4
3941,5
3942,1
3943,2
3944,6
3945,8
3946,3
3947,9
3948,7
3949,4
3950,11
3951,2
3952,11
3953,7
3954,9
3955,1
3956,2
3957,7
3958,7
3959,12
3960,8
3961,9
3962,12
3963,1
3964,5
3965,4
3966,1
3967,1
3968,8
3969,4
3970,12
3971,12
3972,3
3973,4
3974,12
3975,3
3976,11
3977,2
3978,3
3979,4
3980,5
3981,10
3982,1
3983,1
3984,12
3985,2
3986,1
3987,7
3988,9
3989,11
3990,8
3991,11
3992,9
3993,7
3994,12
3995,3
3996,8
3997,12
3998,11
3999,11
4000,7
4001,8
4002,7
4003,12
4004,10
4005,6
4006,9
4007,7
4008,5
4009,10
4010,7
4011,12
4012,5
4013,5
4014,5
4015,11
4016,10
4017,1
4018,10
4019,7
4020,7
4021,10
4022,9
4023,8
4024,10
4025,3
4026,8
4027,12
4028,12
4029,10
4030,12
4031,7
4032,6
4033,3
4034,1
4035,2
4036,1
4037,3
4038,4
4039,9
4040,2
4041,11
4042,1
4043,12
4044,11
4045,5
4046,6
4047,10
4048,8
4049,5
4050,10
4051,3
4052,1
4053,7
4054,2
4055,11
4056,9
4057,7
4058,1
4059,11
4060,4
4061,12
4062,6
4063,11
4064,5
4065,5
4066,6
4067,1
4068,7
4069,3
4070,2
4071,7
4072,4
4073,3
4074,2
4075,6
4076,9
4077,6
4078,8
4079,12
4080,4
4081,4
4082,1
4083,10
4084,2
4085,1
4086,12
4087,6
4088,10
4089,8
4090,10
4091,5
4092,7
4093,1
4094,10
4095,11
4096,7
4097,8
4098,2
4099,11
4100,7
4101,4
4102,8
4103,12
4104,9
4105,1
4106,4
4107,6
4108,7
4109,3
4110,6
4111,5
4112,6
4113,5
4114,12
4115,9
4116,11
4117,8
4118,12
4119,9
4120,6
4121,5
4122,12
4123,3
4124,8
4125,12
4126,10
4127,10
4128,4
4129,2
4130,1
4131,10
4132,11
4133,12
4134,4
4135,3
4136,9
4137,11
4138,11
4139,7
4140,6
4141,9
4142,1
4143,4
4144,4
4145,12
4146,11
4147,1
4148,2
4149,3
4150,4
4151,1
4152,8
4153,5
4154,11
4155,11
4156,2
4157,1
4158,9
4159,3
4160,4
4161,11
4162,2
4163,6
4164,11
4165,2
4166,4
4167,5
4168,9
4169,8
4170,9
4171,6
4172,6
4173,2
4174,3
4175,7
4176,9
4177,10
4178,4
4179,2
4180,2
4181,1
4182,3
4183,8
4184,9
4185,11
4186,11
4187,3
4188,4
4189,11
4190,2
4191,5
4192,2
4193,1
4194,10
4195,2
4196,4
4197,10
4198,7
4199,6
4200,5
4201,7
4202,6
4203,8
4204,7
4205,3
4206,9
4207,9
4208,3
4209,7
4210,10
4211,5
4212,12
4213,1
4214,2
4215,2
4216,3
4217,11
4218,10
4219,1
4220,4
4221,6
4222,5
4223,11
4224,6
4225,6
4226,8
4227,5
4228,7
4229,3
4230,4
4231,1
4232,9
4233,8
4234,1
4235,9
4236,4
4237,4
4238,10
4239,12
4240,1
4241,4
4242,1
4243,11
4244,3
4245,2
4246,6
4247,11
4248,12
4249,12
4250,12
4251,12
4252,5
4253,9
4254,2
4255,9
4256,3
4257,11
4258,11
4259,7
4260,3
4261,9
4262,6
4263,1
4264,5
4265,1
4266,6
4267,1
4268,10
4269,11
4270,4
4271,7
4272,8
4273,10
4274,3
4275,6
4276,10
4277,12
4278,9
4279,5
4280,11
4281,7
4282,3
4283,5
4284,10
4285,8
4286,7
4287,5
4288,5
4289,4
4290,12
4291,10
4292,6
4293,11
4294,9
4295,10
4296,1
4297,4
4298,7
4299,2
4300,11
4301,12
4302,2
4303,1
4304,2
4305,7
4306,6
4307,12
4308,10
4309,10
4310,12
4311,11
4312,4
4313,3
4314,7
4315,5
4316,12
4317,9
4318,11
4319,10
4320,3
4321,7
4322,3
4323,11
4324,6
4325,9
4326,8
4327,3
4328,6
4329,8
4330,6
4331,10
4332,12
4333,4
4334,10
4335,1
4336,5
4337,9
4338,7
4339,4
4340,8
4341,10
4342,7
4343,6
4344,9
4345,6
4346,1
4347,4
4348,6
4349,2
4350,3
4351,3
4352,4
4353,12
4354,10
4355,12
4356,3
4357,12
4358,11
4359,8
4360,3
4361,3
4362,6
4363,11
4364,8
4365,6
4366,12
4367,9
4368,9
4369,7
4370,5
4371,9
4372,7
4373,2
4374,1
4375,6
4376,5
4377,10
4378,3
4379,10
4380,12
4381,2
4382,5
4383,11
4384,12
4385,3
4386,8
4387,6
4388,1
4389,4
4390,4
4391,9
4392,5
4393,12
4394,7
4395,11
4396,12
4397,2
4398,6
4399,9
4400,6
4401,10
4402,9
4403,9
4404,1
4405,7
4406,11
4407,11
4408,9
4409,10
4410,3
4411,7
4412,4
4413,2
4414,7
4415,6
4416,2
4417,1
4418,9
4419,11
4420,11
4421,1
4422,5
4423,9
4424,7
4425,10
4426,4
4427,5
4428,6
4429,10
4430,11
4431,9
4432,1
4433,8
4434,2
4435,6
4436,4
4437,2
4438,1
4439,5
4440,7
4441,1
4442,10
4443,5
4444,12
4445,2
4446,6
4447,3
4448,11
4449,9
4450,2
4451,7
4452,12
4453,11
4454,1
4455,9
4456,8
4457,1
4458,9
4459,9
4460,11
4461,4
4462,11
4463,12
4464,2
4465,4
4466,9
4467,9
4468,1
4469,10
4470,3
4471,10
4472,1
4473,2
4474,11
4475,6
4476,9
4477,10
4478,5
4479,12
4480,12
4481,11
4482,12
4483,4
4484,8
4485,8
4486,5
4487,12
4488,11
4489,3
4490,6
4491,10
4492,1
4493,3
4494,4
4495,3
4496,3
4497,6
4498,2
4499,4
4500,10
4501,7
4502,12
4503,3
4504,12
4505,2
4506,9
4507,10
4508,7
4509,5
4510,5
4511,11
4512,12
4513,9
4514,2
4515,1
4516,6
4517,11
4518,12
4519,12
4520,11
4521,8
4522,6
4523,10
4524,4
4525,8
4526,8
4527,1
4528,3
4529,5
4530,1
4531,11
4532,4
4533,5
4534,7
4535,9
4536,4
4537,4
4538,11
4539,10
4540,6
4541,1
4542,8
4543,12
4544,4
4545,3
4546,8
4547,2
4548,5
4549,11
4550,12
4551,10
4552,12
4553,12
4554,5
4555,12
4556,8
4557,2
4558,3
4559,8
4560,9
4561,2
4562,7
4563,2
4564,7
4565,5
4566,10
4567,5
4568,11
4569,9
4570,10
4571,3
4572,8
4573,8
4574,12
4575,6
4576,10
4577,3
4578,7
4579,11
4580,11
4581,11
4582,4
4583,4
4584,9
4585,7
4586,9
4587,11
4588,10
4589,3
4590,2
4591,7
4592,6
4593,2
4594,2
4595,6
4596,10
4597,1
4598,8
4599,4
4600,12
4601,10
4602,10
4603,3
4604,10
4605,9
4606,5
4607,2
4608,3
4609,12
4610,9
4611,1
4612,4
4613,10
4614,11
4615,9
4616,3
4617,1
4618,1
4619,8
4620,10
4621,12
4622,7
4623,11
4624,12
4625,8
4626,10
4627,11
4628,10
4629,6
4630,8
4631,7
4632,2
4633,1
4634,9
4635,3
4636,3
4637,1
4638,9
4639,10
4640,7
4641,11
4642,4
4643,6
4644,6
4645,12
4646,7
4647,5
4648,5
4649,3
4650,11
4651,4
4652,7
4653,12
4654,4
4655,2
4656,1
4657,2
4658,4
4659,5
4660,5
4661,9
4662,12
4663,10
4664,10
4665,8
4666,3
4667,12
4668,6
4669,3
4670,7
4671,3
4672,12
4673,5
4674,2
4675,5
4676,3
4677,9
4678,2
4679,11
4680,10
4681,3
4682,10
4683,12
4684,4
4685,3
4686,12
4687,9
4688,4
4689,5
4690,1
4691,2
4692,12
4693,2
4694,7
4695,6
4696,10
4697,8
4698,10
4699,6
4700,7
4701,4
4702,3
4703,11
4704,6
4705,12
4706,3
4707,4
4708,8
4709,10
4710,3
4711,2
4712,8
4713,9
4714,1
4715,4
4716,11
4717,12
4718,10
4719,1
4720,12
4721,1
4722,10
4723,9
4724,4
4725,9
4726,5
4727,9
4728,7
4729,8
4730,9
4731,5
4732,3
4733,4
4734,1
4735,5
4736,2
4737,12
4738,3
4739,11
4740,2
4741,5
4742,12
4743,6
4744,2
4745,4
4746,4
4747,4
4748,1
4749,7
4750,1
4751,5
4752,7
4753,8
4754,6
4755,10
4756,3
4757,4
4758,12
4759,6
4760,11
4761,11
4762,9
4763,8
4764,4
4765,5
4766,6
4767,9
4768,4
4769,11
4770,9
4771,4
4772,7
4773,8
4774,11
4775,7
4776,12
4777,5
4778,11
4779,9
4780,11
4781,6
4782,5
4783,11
4784,12
4785,12
4786,4
4787,6
4788,3
4789,3
4790,7
4791,5
4792,3
4793,3
4794,10
4795,8
4796,10
4797,12
4798,2
4799,7
4800,6
4801,10
4802,6
4803,11
4804,11
4805,7
4806,12
4807,10
4808,3
4809,2
4810,10
4811,2
4812,3
4813,4
4814,8
4815,6
4816,2
4817,1
4818,10
4819,2
4820,9
4821,7
4822,6
4823,11
4824,11
4825,8
4826,8
4827,5
4828,11
4829,11
4830,8
4831,2
4832,8
4833,12
4834,4
4835,11
4836,2
4837,10
4838,6
4839,5
4840,11
4841,8
4842,5
4843,2
4844,2
4845,8
4846,5
4847,8
4848,3
4849,3
4850,11
4851,6
4852,5
4853,1
4854,8
4855,5
4856,7
4857,7
4858,11
4859,5
4860,10
4861,9
4862,9
4863,5
4864,3
4865,1
4866,7
4867,10
4868,3
4869,1
4870,10
4871,4
4872,2
4873,4
4874,6
4875,12
4876,2
4877,1
4878,9
4879,1
4880,8
4881,12
4882,8
4883,12
4884,11
4885,6
4886,5
4887,7
4888,11
4889,2
4890,12
4891,5
4892,4
4893,8
4894,3
4895,2
4896,5
4897,12
4898,3
4899,10
4900,10
4901,8
4902,9
4903,12
4904,12
4905,6
4906,1
4907,6
4908,1
4909,4
4910,3
4911,7
4912,12
4913,4
4914,1
4915,9
4916,7
4917,8
4918,3
4919,9
